"Program","Product"
"Credit Card","Member Cash Rewards+"
"Credit Card","Member Cash Rewards"
"Credit Card","Member Rate Advantage"
"Credit Card","Member First"
"Personal Loan","Personal Loan"
"Personal Loan","Credit Starter Loan"
"Personal Loan","Certificate and Savings Secured Loan"
"Personal Loan","Personal Line of Credit"
"Personal Loan","Credit Builder Line of Credit"
"Vehicle","New Auto"
"Vehicle","Used Auto"
"Vehicle","New RV"
"Vehicle","Used RV"
"Vehicle","New Motorcycle, Jet Ski, or All-Terrain Vehicle"
"Vehicle","Used Motorcycle, Jet Ski, or All-Terrain Vehicle"
"Vehicle","New Boat"
"Vehicle","Used Boat"
